Label,,,,,,,,,,,,,,,,,,,,,,,,,,,,,,,,,,,,,,,,,,,,,,,,,,,,,,,,,,,,,,,,,,,,,,,,,,,,,,,,,,,,,,,,,,,,,,,,,,,,,
Info,,,,,,,,,,,,,,,,,,,,,,,,,,,,,,,,,,,,,,,,,,,,,,,,,,,,,,,,,,,,,,,,,,,,,,,,,,,,,,,,,,,,,,,,,,,,,,,,,,,,,
Time,Blank,1,2,3,4,5,6,7,8,9,10,11,12,13,14,15,16,17,18,19,20,21,22,23,24,25,26,27,28,29,30,31,32,33,34,35,36,37,38,39,40,41,42,43,44,45,46,47,48,49,50,51,52,53,54,55,56,57,58,59,60,61,62,63,64,65,66,67,68,69,70,71,72,73,74,75,76,77,78,79,80,81,82,83,84,85,86,87,88,89,90,91,92,93,94,95,96,97,98,99,100
00:01:45,0,0.001,0.002,0.003,0.004,0.005,0.006,0.007,0.008,0.009,0.01,0.011,0.012,0.013,0.014,0.015,0.016,0.017,0.018,0.019,0.02,0.021,0.022,0.023,0.024,0.025,0.026,0.027,0.028,0.029,0.03,0.031,0.032,0.033,0.034,0.035,0.036,0.037,0.038,0.039,0.04,0.041,0.042,0.043,0.044,0.045,0.046,0.047,0.048,0.049,0.05,0.051,0.052,0.053,0.054,0.055,0.056,0.057,0.058,0.059,0.06,0.061,0.062,0.063,0.064,0.065,0.066,0.067,0.068,0.069,0.07,0.071,0.072,0.073,0.074,0.075,0.076,0.077,0.078,0.079,0.08,0.081,0.082,0.083,0.084,0.085,0.086,0.087,0.088,0.089,0.09,0.091,0.092,0.093,0.094,0.095,0.096,0.097,0.098,0.099,0.1
01:00:06,0,1.001,1.002,1.003,1.004,1.005,1.006,1.007,1.008,1.009,1.01,1.011,1.012,1.013,1.014,1.015,1.016,1.017,1.018,1.019,1.02,1.021,1.022,1.023,1.024,1.025,1.026,1.027,1.028,1.029,1.03,1.031,1.032,1.033,1.034,1.035,1.036,1.037,1.038,1.039,1.04,1.041,1.042,1.043,1.044,1.045,1.046,1.047,1.048,1.049,1.05,1.051,1.052,1.053,1.054,1.055,1.056,1.057,1.058,1.059,1.06,1.061,1.062,1.063,1.064,1.065,1.066,1.067,1.068,1.069,1.07,1.071,1.072,1.073,1.074,1.075,1.076,1.077,1.078,1.079,1.08,1.081,1.082,1.083,1.084,1.085,1.086,1.087,1.088,1.089,1.09,1.091,1.092,1.093,1.094,1.095,1.096,1.097,1.098,1.099,1.1
02:00:06,0,2.001,2.002,2.003,2.004,2.005,2.006,2.007,2.008,2.009,2.01,2.011,2.012,2.013,2.014,2.015,2.016,2.017,2.018,2.019,2.02,2.021,2.022,2.023,2.024,2.025,2.026,2.027,2.028,2.029,2.03,2.031,2.032,2.033,2.034,2.035,2.036,2.037,2.038,2.039,2.04,2.041,2.042,2.043,2.044,2.045,2.046,2.047,2.048,2.049,2.05,2.051,2.052,2.053,2.054,2.055,2.056,2.057,2.058,2.059,2.06,2.061,2.062,2.063,2.064,2.065,2.066,2.067,2.068,2.069,2.07,2.071,2.072,2.073,2.074,2.075,2.076,2.077,2.078,2.079,2.08,2.081,2.082,2.083,2.084,2.085,2.086,2.087,2.088,2.089,2.09,2.091,2.092,2.093,2.094,2.095,2.096,2.097,2.098,2.099,2.1
03:00:06,0,3.001,3.002,3.003,3.004,3.005,3.006,3.007,3.008,3.009,3.01,3.011,3.012,3.013,3.014,3.015,3.016,3.017,3.018,3.019,3.02,3.021,3.022,3.023,3.024,3.025,3.026,3.027,3.028,3.029,3.03,3.031,3.032,3.033,3.034,3.035,3.036,3.037,3.038,3.039,3.04,3.041,3.042,3.043,3.044,3.045,3.046,3.047,3.048,3.049,3.05,3.051,3.052,3.053,3.054,3.055,3.056,3.057,3.058,3.059,3.06,3.061,3.062,3.063,3.064,3.065,3.066,3.067,3.068,3.069,3.07,3.071,3.072,3.073,3.074,3.075,3.076,3.077,3.078,3.079,3.08,3.081,3.082,3.083,3.084,3.085,3.086,3.087,3.088,3.089,3.09,3.091,3.092,3.093,3.094,3.095,3.096,3.097,3.098,3.099,3.1
04:00:06,0,4.001,4.002,4.003,4.004,4.005,4.006,4.007,4.008,4.009,4.01,4.011,4.012,4.013,4.014,4.015,4.016,4.017,4.018,4.019,4.02,4.021,4.022,4.023,4.024,4.025,4.026,4.027,4.028,4.029,4.03,4.031,4.032,4.033,4.034,4.035,4.036,4.037,4.038,4.039,4.04,4.041,4.042,4.043,4.044,4.045,4.046,4.047,4.048,4.049,4.05,4.051,4.052,4.053,4.054,4.055,4.056,4.057,4.058,4.059,4.06,4.061,4.062,4.063,4.064,4.065,4.066,4.067,4.068,4.069,4.07,4.071,4.072,4.073,4.074,4.075,4.076,4.077,4.078,4.079,4.08,4.081,4.082,4.083,4.084,4.085,4.086,4.087,4.088,4.089,4.09,4.091,4.092,4.093,4.094,4.095,4.096,4.097,4.098,4.099,4.1
05:00:06,0,5.001,5.002,5.003,5.004,5.005,5.006,5.007,5.008,5.009,5.01,5.011,5.012,5.013,5.014,5.015,5.016,5.017,5.018,5.019,5.02,5.021,5.022,5.023,5.024,5.025,5.026,5.027,5.028,5.029,5.03,5.031,5.032,5.033,5.034,5.035,5.036,5.037,5.038,5.039,5.04,5.041,5.042,5.043,5.044,5.045,5.046,5.047,5.048,5.049,5.05,5.051,5.052,5.053,5.054,5.055,5.056,5.057,5.058,5.059,5.06,5.061,5.062,5.063,5.064,5.065,5.066,5.067,5.068,5.069,5.07,5.071,5.072,5.073,5.074,5.075,5.076,5.077,5.078,5.079,5.08,5.081,5.082,5.083,5.084,5.085,5.086,5.087,5.088,5.089,5.09,5.091,5.092,5.093,5.094,5.095,5.096,5.097,5.098,5.099,5.1
06:00:06,0,6.001,6.002,6.003,6.004,6.005,6.006,6.007,6.008,6.009,6.01,6.011,6.012,6.013,6.014,6.015,6.016,6.017,6.018,6.019,6.02,6.021,6.022,6.023,6.024,6.025,6.026,6.027,6.028,6.029,6.03,6.031,6.032,6.033,6.034,6.035,6.036,6.037,6.038,6.039,6.04,6.041,6.042,6.043,6.044,6.045,6.046,6.047,6.048,6.049,6.05,6.051,6.052,6.053,6.054,6.055,6.056,6.057,6.058,6.059,6.06,6.061,6.062,6.063,6.064,6.065,6.066,6.067,6.068,6.069,6.07,6.071,6.072,6.073,6.074,6.075,6.076,6.077,6.078,6.079,6.08,6.081,6.082,6.083,6.084,6.085,6.086,6.087,6.088,6.089,6.09,6.091,6.092,6.093,6.094,6.095,6.096,6.097,6.098,6.099,6.1
07:00:06,0,7.001,7.002,7.003,7.004,7.005,7.006,7.007,7.008,7.009,7.01,7.011,7.012,7.013,7.014,7.015,7.016,7.017,7.018,7.019,7.02,7.021,7.022,7.023,7.024,7.025,7.026,7.027,7.028,7.029,7.03,7.031,7.032,7.033,7.034,7.035,7.036,7.037,7.038,7.039,7.04,7.041,7.042,7.043,7.044,7.045,7.046,7.047,7.048,7.049,7.05,7.051,7.052,7.053,7.054,7.055,7.056,7.057,7.058,7.059,7.06,7.061,7.062,7.063,7.064,7.065,7.066,7.067,7.068,7.069,7.07,7.071,7.072,7.073,7.074,7.075,7.076,7.077,7.078,7.079,7.08,7.081,7.082,7.083,7.084,7.085,7.086,7.087,7.088,7.089,7.09,7.091,7.092,7.093,7.094,7.095,7.096,7.097,7.098,7.099,7.1
08:00:06,0,8.001,8.002,8.003,8.004,8.005,8.006,8.007,8.008,8.009,8.01,8.011,8.012,8.013,8.014,8.015,8.016,8.017,8.018,8.019,8.02,8.021,8.022,8.023,8.024,8.025,8.026,8.027,8.028,8.029,8.03,8.031,8.032,8.033,8.034,8.035,8.036,8.037,8.038,8.039,8.04,8.041,8.042,8.043,8.044,8.045,8.046,8.047,8.048,8.049,8.05,8.051,8.052,8.053,8.054,8.055,8.056,8.057,8.058,8.059,8.06,8.061,8.062,8.063,8.064,8.065,8.066,8.067,8.068,8.069,8.07,8.071,8.072,8.073,8.074,8.075,8.076,8.077,8.078,8.079,8.08,8.081,8.082,8.083,8.084,8.085,8.086,8.087,8.088,8.089,8.09,8.091,8.092,8.093,8.094,8.095,8.096,8.097,8.098,8.099,8.1
09:00:06,0,9.001,9.002,9.003,9.004,9.005,9.006,9.007,9.008,9.009,9.01,9.011,9.012,9.013,9.014,9.015,9.016,9.017,9.018,9.019,9.02,9.021,9.022,9.023,9.024,9.025,9.026,9.027,9.028,9.029,9.03,9.031,9.032,9.033,9.034,9.035,9.036,9.037,9.038,9.039,9.04,9.041,9.042,9.043,9.044,9.045,9.046,9.047,9.048,9.049,9.05,9.051,9.052,9.053,9.054,9.055,9.056,9.057,9.058,9.059,9.06,9.061,9.062,9.063,9.064,9.065,9.066,9.067,9.068,9.069,9.07,9.071,9.072,9.073,9.074,9.075,9.076,9.077,9.078,9.079,9.08,9.081,9.082,9.083,9.084,9.085,9.086,9.087,9.088,9.089,9.09,9.091,9.092,9.093,9.094,9.095,9.096,9.097,9.098,9.099,9.1
10:00:06,0,10.001,10.002,10.003,10.004,10.005,10.006,10.007,10.008,10.009,10.01,10.011,10.012,10.013,10.014,10.015,10.016,10.017,10.018,10.019,10.02,10.021,10.022,10.023,10.024,10.025,10.026,10.027,10.028,10.029,10.03,10.031,10.032,10.033,10.034,10.035,10.036,10.037,10.038,10.039,10.04,10.041,10.042,10.043,10.044,10.045,10.046,10.047,10.048,10.049,10.05,10.051,10.052,10.053,10.054,10.055,10.056,10.057,10.058,10.059,10.06,10.061,10.062,10.063,10.064,10.065,10.066,10.067,10.068,10.069,10.07,10.071,10.072,10.073,10.074,10.075,10.076,10.077,10.078,10.079,10.08,10.081,10.082,10.083,10.084,10.085,10.086,10.087,10.088,10.089,10.09,10.091,10.092,10.093,10.094,10.095,10.096,10.097,10.098,10.099,10.1
11:00:06,0,11.001,11.002,11.003,11.004,11.005,11.006,11.007,11.008,11.009,11.01,11.011,11.012,11.013,11.014,11.015,11.016,11.017,11.018,11.019,11.02,11.021,11.022,11.023,11.024,11.025,11.026,11.027,11.028,11.029,11.03,11.031,11.032,11.033,11.034,11.035,11.036,11.037,11.038,11.039,11.04,11.041,11.042,11.043,11.044,11.045,11.046,11.047,11.048,11.049,11.05,11.051,11.052,11.053,11.054,11.055,11.056,11.057,11.058,11.059,11.06,11.061,11.062,11.063,11.064,11.065,11.066,11.067,11.068,11.069,11.07,11.071,11.072,11.073,11.074,11.075,11.076,11.077,11.078,11.079,11.08,11.081,11.082,11.083,11.084,11.085,11.086,11.087,11.088,11.089,11.09,11.091,11.092,11.093,11.094,11.095,11.096,11.097,11.098,11.099,11.1
12:00:06,0,12.001,12.002,12.003,12.004,12.005,12.006,12.007,12.008,12.009,12.01,12.011,12.012,12.013,12.014,12.015,12.016,12.017,12.018,12.019,12.02,12.021,12.022,12.023,12.024,12.025,12.026,12.027,12.028,12.029,12.03,12.031,12.032,12.033,12.034,12.035,12.036,12.037,12.038,12.039,12.04,12.041,12.042,12.043,12.044,12.045,12.046,12.047,12.048,12.049,12.05,12.051,12.052,12.053,12.054,12.055,12.056,12.057,12.058,12.059,12.06,12.061,12.062,12.063,12.064,12.065,12.066,12.067,12.068,12.069,12.07,12.071,12.072,12.073,12.074,12.075,12.076,12.077,12.078,12.079,12.08,12.081,12.082,12.083,12.084,12.085,12.086,12.087,12.088,12.089,12.09,12.091,12.092,12.093,12.094,12.095,12.096,12.097,12.098,12.099,12.1
13:00:06,0,13.001,13.002,13.003,13.004,13.005,13.006,13.007,13.008,13.009,13.01,13.011,13.012,13.013,13.014,13.015,13.016,13.017,13.018,13.019,13.02,13.021,13.022,13.023,13.024,13.025,13.026,13.027,13.028,13.029,13.03,13.031,13.032,13.033,13.034,13.035,13.036,13.037,13.038,13.039,13.04,13.041,13.042,13.043,13.044,13.045,13.046,13.047,13.048,13.049,13.05,13.051,13.052,13.053,13.054,13.055,13.056,13.057,13.058,13.059,13.06,13.061,13.062,13.063,13.064,13.065,13.066,13.067,13.068,13.069,13.07,13.071,13.072,13.073,13.074,13.075,13.076,13.077,13.078,13.079,13.08,13.081,13.082,13.083,13.084,13.085,13.086,13.087,13.088,13.089,13.09,13.091,13.092,13.093,13.094,13.095,13.096,13.097,13.098,13.099,13.1
14:00:06,0,14.001,14.002,14.003,14.004,14.005,14.006,14.007,14.008,14.009,14.01,14.011,14.012,14.013,14.014,14.015,14.016,14.017,14.018,14.019,14.02,14.021,14.022,14.023,14.024,14.025,14.026,14.027,14.028,14.029,14.03,14.031,14.032,14.033,14.034,14.035,14.036,14.037,14.038,14.039,14.04,14.041,14.042,14.043,14.044,14.045,14.046,14.047,14.048,14.049,14.05,14.051,14.052,14.053,14.054,14.055,14.056,14.057,14.058,14.059,14.06,14.061,14.062,14.063,14.064,14.065,14.066,14.067,14.068,14.069,14.07,14.071,14.072,14.073,14.074,14.075,14.076,14.077,14.078,14.079,14.08,14.081,14.082,14.083,14.084,14.085,14.086,14.087,14.088,14.089,14.09,14.091,14.092,14.093,14.094,14.095,14.096,14.097,14.098,14.099,14.1
15:00:06,0,15.001,15.002,15.003,15.004,15.005,15.006,15.007,15.008,15.009,15.01,15.011,15.012,15.013,15.014,15.015,15.016,15.017,15.018,15.019,15.02,15.021,15.022,15.023,15.024,15.025,15.026,15.027,15.028,15.029,15.03,15.031,15.032,15.033,15.034,15.035,15.036,15.037,15.038,15.039,15.04,15.041,15.042,15.043,15.044,15.045,15.046,15.047,15.048,15.049,15.05,15.051,15.052,15.053,15.054,15.055,15.056,15.057,15.058,15.059,15.06,15.061,15.062,15.063,15.064,15.065,15.066,15.067,15.068,15.069,15.07,15.071,15.072,15.073,15.074,15.075,15.076,15.077,15.078,15.079,15.08,15.081,15.082,15.083,15.084,15.085,15.086,15.087,15.088,15.089,15.09,15.091,15.092,15.093,15.094,15.095,15.096,15.097,15.098,15.099,15.1
16:00:06,0,16.001,16.002,16.003,16.004,16.005,16.006,16.007,16.008,16.009,16.01,16.011,16.012,16.013,16.014,16.015,16.016,16.017,16.018,16.019,16.02,16.021,16.022,16.023,16.024,16.025,16.026,16.027,16.028,16.029,16.03,16.031,16.032,16.033,16.034,16.035,16.036,16.037,16.038,16.039,16.04,16.041,16.042,16.043,16.044,16.045,16.046,16.047,16.048,16.049,16.05,16.051,16.052,16.053,16.054,16.055,16.056,16.057,16.058,16.059,16.06,16.061,16.062,16.063,16.064,16.065,16.066,16.067,16.068,16.069,16.07,16.071,16.072,16.073,16.074,16.075,16.076,16.077,16.078,16.079,16.08,16.081,16.082,16.083,16.084,16.085,16.086,16.087,16.088,16.089,16.09,16.091,16.092,16.093,16.094,16.095,16.096,16.097,16.098,16.099,16.1
17:00:06,0,17.001,17.002,17.003,17.004,17.005,17.006,17.007,17.008,17.009,17.01,17.011,17.012,17.013,17.014,17.015,17.016,17.017,17.018,17.019,17.02,17.021,17.022,17.023,17.024,17.025,17.026,17.027,17.028,17.029,17.03,17.031,17.032,17.033,17.034,17.035,17.036,17.037,17.038,17.039,17.04,17.041,17.042,17.043,17.044,17.045,17.046,17.047,17.048,17.049,17.05,17.051,17.052,17.053,17.054,17.055,17.056,17.057,17.058,17.059,17.06,17.061,17.062,17.063,17.064,17.065,17.066,17.067,17.068,17.069,17.07,17.071,17.072,17.073,17.074,17.075,17.076,17.077,17.078,17.079,17.08,17.081,17.082,17.083,17.084,17.085,17.086,17.087,17.088,17.089,17.09,17.091,17.092,17.093,17.094,17.095,17.096,17.097,17.098,17.099,17.1
18:00:06,0,18.001,18.002,18.003,18.004,18.005,18.006,18.007,18.008,18.009,18.01,18.011,18.012,18.013,18.014,18.015,18.016,18.017,18.018,18.019,18.02,18.021,18.022,18.023,18.024,18.025,18.026,18.027,18.028,18.029,18.03,18.031,18.032,18.033,18.034,18.035,18.036,18.037,18.038,18.039,18.04,18.041,18.042,18.043,18.044,18.045,18.046,18.047,18.048,18.049,18.05,18.051,18.052,18.053,18.054,18.055,18.056,18.057,18.058,18.059,18.06,18.061,18.062,18.063,18.064,18.065,18.066,18.067,18.068,18.069,18.07,18.071,18.072,18.073,18.074,18.075,18.076,18.077,18.078,18.079,18.08,18.081,18.082,18.083,18.084,18.085,18.086,18.087,18.088,18.089,18.09,18.091,18.092,18.093,18.094,18.095,18.096,18.097,18.098,18.099,18.1
19:00:06,0,19.001,19.002,19.003,19.004,19.005,19.006,19.007,19.008,19.009,19.01,19.011,19.012,19.013,19.014,19.015,19.016,19.017,19.018,19.019,19.02,19.021,19.022,19.023,19.024,19.025,19.026,19.027,19.028,19.029,19.03,19.031,19.032,19.033,19.034,19.035,19.036,19.037,19.038,19.039,19.04,19.041,19.042,19.043,19.044,19.045,19.046,19.047,19.048,19.049,19.05,19.051,19.052,19.053,19.054,19.055,19.056,19.057,19.058,19.059,19.06,19.061,19.062,19.063,19.064,19.065,19.066,19.067,19.068,19.069,19.07,19.071,19.072,19.073,19.074,19.075,19.076,19.077,19.078,19.079,19.08,19.081,19.082,19.083,19.084,19.085,19.086,19.087,19.088,19.089,19.09,19.091,19.092,19.093,19.094,19.095,19.096,19.097,19.098,19.099,19.1
20:00:06,0,20.001,20.002,20.003,20.004,20.005,20.006,20.007,20.008,20.009,20.01,20.011,20.012,20.013,20.014,20.015,20.016,20.017,20.018,20.019,20.02,20.021,20.022,20.023,20.024,20.025,20.026,20.027,20.028,20.029,20.03,20.031,20.032,20.033,20.034,20.035,20.036,20.037,20.038,20.039,20.04,20.041,20.042,20.043,20.044,20.045,20.046,20.047,20.048,20.049,20.05,20.051,20.052,20.053,20.054,20.055,20.056,20.057,20.058,20.059,20.06,20.061,20.062,20.063,20.064,20.065,20.066,20.067,20.068,20.069,20.07,20.071,20.072,20.073,20.074,20.075,20.076,20.077,20.078,20.079,20.08,20.081,20.082,20.083,20.084,20.085,20.086,20.087,20.088,20.089,20.09,20.091,20.092,20.093,20.094,20.095,20.096,20.097,20.098,20.099,20.1
21:00:06,0,21.001,21.002,21.003,21.004,21.005,21.006,21.007,21.008,21.009,21.01,21.011,21.012,21.013,21.014,21.015,21.016,21.017,21.018,21.019,21.02,21.021,21.022,21.023,21.024,21.025,21.026,21.027,21.028,21.029,21.03,21.031,21.032,21.033,21.034,21.035,21.036,21.037,21.038,21.039,21.04,21.041,21.042,21.043,21.044,21.045,21.046,21.047,21.048,21.049,21.05,21.051,21.052,21.053,21.054,21.055,21.056,21.057,21.058,21.059,21.06,21.061,21.062,21.063,21.064,21.065,21.066,21.067,21.068,21.069,21.07,21.071,21.072,21.073,21.074,21.075,21.076,21.077,21.078,21.079,21.08,21.081,21.082,21.083,21.084,21.085,21.086,21.087,21.088,21.089,21.09,21.091,21.092,21.093,21.094,21.095,21.096,21.097,21.098,21.099,21.1
22:00:06,0,22.001,22.002,22.003,22.004,22.005,22.006,22.007,22.008,22.009,22.01,22.011,22.012,22.013,22.014,22.015,22.016,22.017,22.018,22.019,22.02,22.021,22.022,22.023,22.024,22.025,22.026,22.027,22.028,22.029,22.03,22.031,22.032,22.033,22.034,22.035,22.036,22.037,22.038,22.039,22.04,22.041,22.042,22.043,22.044,22.045,22.046,22.047,22.048,22.049,22.05,22.051,22.052,22.053,22.054,22.055,22.056,22.057,22.058,22.059,22.06,22.061,22.062,22.063,22.064,22.065,22.066,22.067,22.068,22.069,22.07,22.071,22.072,22.073,22.074,22.075,22.076,22.077,22.078,22.079,22.08,22.081,22.082,22.083,22.084,22.085,22.086,22.087,22.088,22.089,22.09,22.091,22.092,22.093,22.094,22.095,22.096,22.097,22.098,22.099,22.1
23:00:06,0,23.001,23.002,23.003,23.004,23.005,23.006,23.007,23.008,23.009,23.01,23.011,23.012,23.013,23.014,23.015,23.016,23.017,23.018,23.019,23.02,23.021,23.022,23.023,23.024,23.025,23.026,23.027,23.028,23.029,23.03,23.031,23.032,23.033,23.034,23.035,23.036,23.037,23.038,23.039,23.04,23.041,23.042,23.043,23.044,23.045,23.046,23.047,23.048,23.049,23.05,23.051,23.052,23.053,23.054,23.055,23.056,23.057,23.058,23.059,23.06,23.061,23.062,23.063,23.064,23.065,23.066,23.067,23.068,23.069,23.07,23.071,23.072,23.073,23.074,23.075,23.076,23.077,23.078,23.079,23.08,23.081,23.082,23.083,23.084,23.085,23.086,23.087,23.088,23.089,23.09,23.091,23.092,23.093,23.094,23.095,23.096,23.097,23.098,23.099,23.1
24:00:06,0,24.001,24.002,24.003,24.004,24.005,24.006,24.007,24.008,24.009,24.01,24.011,24.012,24.013,24.014,24.015,24.016,24.017,24.018,24.019,24.02,24.021,24.022,24.023,24.024,24.025,24.026,24.027,24.028,24.029,24.03,24.031,24.032,24.033,24.034,24.035,24.036,24.037,24.038,24.039,24.04,24.041,24.042,24.043,24.044,24.045,24.046,24.047,24.048,24.049,24.05,24.051,24.052,24.053,24.054,24.055,24.056,24.057,24.058,24.059,24.06,24.061,24.062,24.063,24.064,24.065,24.066,24.067,24.068,24.069,24.07,24.071,24.072,24.073,24.074,24.075,24.076,24.077,24.078,24.079,24.08,24.081,24.082,24.083,24.084,24.085,24.086,24.087,24.088,24.089,24.09,24.091,24.092,24.093,24.094,24.095,24.096,24.097,24.098,24.099,24.1
25:00:06,0,25.001,25.002,25.003,25.004,25.005,25.006,25.007,25.008,25.009,25.01,25.011,25.012,25.013,25.014,25.015,25.016,25.017,25.018,25.019,25.02,25.021,25.022,25.023,25.024,25.025,25.026,25.027,25.028,25.029,25.03,25.031,25.032,25.033,25.034,25.035,25.036,25.037,25.038,25.039,25.04,25.041,25.042,25.043,25.044,25.045,25.046,25.047,25.048,25.049,25.05,25.051,25.052,25.053,25.054,25.055,25.056,25.057,25.058,25.059,25.06,25.061,25.062,25.063,25.064,25.065,25.066,25.067,25.068,25.069,25.07,25.071,25.072,25.073,25.074,25.075,25.076,25.077,25.078,25.079,25.08,25.081,25.082,25.083,25.084,25.085,25.086,25.087,25.088,25.089,25.09,25.091,25.092,25.093,25.094,25.095,25.096,25.097,25.098,25.099,25.1
26:00:06,0,26.001,26.002,26.003,26.004,26.005,26.006,26.007,26.008,26.009,26.01,26.011,26.012,26.013,26.014,26.015,26.016,26.017,26.018,26.019,26.02,26.021,26.022,26.023,26.024,26.025,26.026,26.027,26.028,26.029,26.03,26.031,26.032,26.033,26.034,26.035,26.036,26.037,26.038,26.039,26.04,26.041,26.042,26.043,26.044,26.045,26.046,26.047,26.048,26.049,26.05,26.051,26.052,26.053,26.054,26.055,26.056,26.057,26.058,26.059,26.06,26.061,26.062,26.063,26.064,26.065,26.066,26.067,26.068,26.069,26.07,26.071,26.072,26.073,26.074,26.075,26.076,26.077,26.078,26.079,26.08,26.081,26.082,26.083,26.084,26.085,26.086,26.087,26.088,26.089,26.09,26.091,26.092,26.093,26.094,26.095,26.096,26.097,26.098,26.099,26.1
27:00:06,0,27.001,27.002,27.003,27.004,27.005,27.006,27.007,27.008,27.009,27.01,27.011,27.012,27.013,27.014,27.015,27.016,27.017,27.018,27.019,27.02,27.021,27.022,27.023,27.024,27.025,27.026,27.027,27.028,27.029,27.03,27.031,27.032,27.033,27.034,27.035,27.036,27.037,27.038,27.039,27.04,27.041,27.042,27.043,27.044,27.045,27.046,27.047,27.048,27.049,27.05,27.051,27.052,27.053,27.054,27.055,27.056,27.057,27.058,27.059,27.06,27.061,27.062,27.063,27.064,27.065,27.066,27.067,27.068,27.069,27.07,27.071,27.072,27.073,27.074,27.075,27.076,27.077,27.078,27.079,27.08,27.081,27.082,27.083,27.084,27.085,27.086,27.087,27.088,27.089,27.09,27.091,27.092,27.093,27.094,27.095,27.096,27.097,27.098,27.099,27.1
28:00:06,0,28.001,28.002,28.003,28.004,28.005,28.006,28.007,28.008,28.009,28.01,28.011,28.012,28.013,28.014,28.015,28.016,28.017,28.018,28.019,28.02,28.021,28.022,28.023,28.024,28.025,28.026,28.027,28.028,28.029,28.03,28.031,28.032,28.033,28.034,28.035,28.036,28.037,28.038,28.039,28.04,28.041,28.042,28.043,28.044,28.045,28.046,28.047,28.048,28.049,28.05,28.051,28.052,28.053,28.054,28.055,28.056,28.057,28.058,28.059,28.06,28.061,28.062,28.063,28.064,28.065,28.066,28.067,28.068,28.069,28.07,28.071,28.072,28.073,28.074,28.075,28.076,28.077,28.078,28.079,28.08,28.081,28.082,28.083,28.084,28.085,28.086,28.087,28.088,28.089,28.09,28.091,28.092,28.093,28.094,28.095,28.096,28.097,28.098,28.099,28.1
29:00:06,0,29.001,29.002,29.003,29.004,29.005,29.006,29.007,29.008,29.009,29.01,29.011,29.012,29.013,29.014,29.015,29.016,29.017,29.018,29.019,29.02,29.021,29.022,29.023,29.024,29.025,29.026,29.027,29.028,29.029,29.03,29.031,29.032,29.033,29.034,29.035,29.036,29.037,29.038,29.039,29.04,29.041,29.042,29.043,29.044,29.045,29.046,29.047,29.048,29.049,29.05,29.051,29.052,29.053,29.054,29.055,29.056,29.057,29.058,29.059,29.06,29.061,29.062,29.063,29.064,29.065,29.066,29.067,29.068,29.069,29.07,29.071,29.072,29.073,29.074,29.075,29.076,29.077,29.078,29.079,29.08,29.081,29.082,29.083,29.084,29.085,29.086,29.087,29.088,29.089,29.09,29.091,29.092,29.093,29.094,29.095,29.096,29.097,29.098,29.099,29.1
30:00:06,0,30.001,30.002,30.003,30.004,30.005,30.006,30.007,30.008,30.009,30.01,30.011,30.012,30.013,30.014,30.015,30.016,30.017,30.018,30.019,30.02,30.021,30.022,30.023,30.024,30.025,30.026,30.027,30.028,30.029,30.03,30.031,30.032,30.033,30.034,30.035,30.036,30.037,30.038,30.039,30.04,30.041,30.042,30.043,30.044,30.045,30.046,30.047,30.048,30.049,30.05,30.051,30.052,30.053,30.054,30.055,30.056,30.057,30.058,30.059,30.06,30.061,30.062,30.063,30.064,30.065,30.066,30.067,30.068,30.069,30.07,30.071,30.072,30.073,30.074,30.075,30.076,30.077,30.078,30.079,30.08,30.081,30.082,30.083,30.084,30.085,30.086,30.087,30.088,30.089,30.09,30.091,30.092,30.093,30.094,30.095,30.096,30.097,30.098,30.099,30.1
31:00:06,0,31.001,31.002,31.003,31.004,31.005,31.006,31.007,31.008,31.009,31.01,31.011,31.012,31.013,31.014,31.015,31.016,31.017,31.018,31.019,31.02,31.021,31.022,31.023,31.024,31.025,31.026,31.027,31.028,31.029,31.03,31.031,31.032,31.033,31.034,31.035,31.036,31.037,31.038,31.039,31.04,31.041,31.042,31.043,31.044,31.045,31.046,31.047,31.048,31.049,31.05,31.051,31.052,31.053,31.054,31.055,31.056,31.057,31.058,31.059,31.06,31.061,31.062,31.063,31.064,31.065,31.066,31.067,31.068,31.069,31.07,31.071,31.072,31.073,31.074,31.075,31.076,31.077,31.078,31.079,31.08,31.081,31.082,31.083,31.084,31.085,31.086,31.087,31.088,31.089,31.09,31.091,31.092,31.093,31.094,31.095,31.096,31.097,31.098,31.099,31.1
32:00:06,0,32.001,32.002,32.003,32.004,32.005,32.006,32.007,32.008,32.009,32.01,32.011,32.012,32.013,32.014,32.015,32.016,32.017,32.018,32.019,32.02,32.021,32.022,32.023,32.024,32.025,32.026,32.027,32.028,32.029,32.03,32.031,32.032,32.033,32.034,32.035,32.036,32.037,32.038,32.039,32.04,32.041,32.042,32.043,32.044,32.045,32.046,32.047,32.048,32.049,32.05,32.051,32.052,32.053,32.054,32.055,32.056,32.057,32.058,32.059,32.06,32.061,32.062,32.063,32.064,32.065,32.066,32.067,32.068,32.069,32.07,32.071,32.072,32.073,32.074,32.075,32.076,32.077,32.078,32.079,32.08,32.081,32.082,32.083,32.084,32.085,32.086,32.087,32.088,32.089,32.09,32.091,32.092,32.093,32.094,32.095,32.096,32.097,32.098,32.099,32.1
33:00:06,0,33.001,33.002,33.003,33.004,33.005,33.006,33.007,33.008,33.009,33.01,33.011,33.012,33.013,33.014,33.015,33.016,33.017,33.018,33.019,33.02,33.021,33.022,33.023,33.024,33.025,33.026,33.027,33.028,33.029,33.03,33.031,33.032,33.033,33.034,33.035,33.036,33.037,33.038,33.039,33.04,33.041,33.042,33.043,33.044,33.045,33.046,33.047,33.048,33.049,33.05,33.051,33.052,33.053,33.054,33.055,33.056,33.057,33.058,33.059,33.06,33.061,33.062,33.063,33.064,33.065,33.066,33.067,33.068,33.069,33.07,33.071,33.072,33.073,33.074,33.075,33.076,33.077,33.078,33.079,33.08,33.081,33.082,33.083,33.084,33.085,33.086,33.087,33.088,33.089,33.09,33.091,33.092,33.093,33.094,33.095,33.096,33.097,33.098,33.099,33.1
34:00:06,0,34.001,34.002,34.003,34.004,34.005,34.006,34.007,34.008,34.009,34.01,34.011,34.012,34.013,34.014,34.015,34.016,34.017,34.018,34.019,34.02,34.021,34.022,34.023,34.024,34.025,34.026,34.027,34.028,34.029,34.03,34.031,34.032,34.033,34.034,34.035,34.036,34.037,34.038,34.039,34.04,34.041,34.042,34.043,34.044,34.045,34.046,34.047,34.048,34.049,34.05,34.051,34.052,34.053,34.054,34.055,34.056,34.057,34.058,34.059,34.06,34.061,34.062,34.063,34.064,34.065,34.066,34.067,34.068,34.069,34.07,34.071,34.072,34.073,34.074,34.075,34.076,34.077,34.078,34.079,34.08,34.081,34.082,34.083,34.084,34.085,34.086,34.087,34.088,34.089,34.09,34.091,34.092,34.093,34.094,34.095,34.096,34.097,34.098,34.099,34.1
35:00:06,0,35.001,35.002,35.003,35.004,35.005,35.006,35.007,35.008,35.009,35.01,35.011,35.012,35.013,35.014,35.015,35.016,35.017,35.018,35.019,35.02,35.021,35.022,35.023,35.024,35.025,35.026,35.027,35.028,35.029,35.03,35.031,35.032,35.033,35.034,35.035,35.036,35.037,35.038,35.039,35.04,35.041,35.042,35.043,35.044,35.045,35.046,35.047,35.048,35.049,35.05,35.051,35.052,35.053,35.054,35.055,35.056,35.057,35.058,35.059,35.06,35.061,35.062,35.063,35.064,35.065,35.066,35.067,35.068,35.069,35.07,35.071,35.072,35.073,35.074,35.075,35.076,35.077,35.078,35.079,35.08,35.081,35.082,35.083,35.084,35.085,35.086,35.087,35.088,35.089,35.09,35.091,35.092,35.093,35.094,35.095,35.096,35.097,35.098,35.099,35.1
36:00:06,0,36.001,36.002,36.003,36.004,36.005,36.006,36.007,36.008,36.009,36.01,36.011,36.012,36.013,36.014,36.015,36.016,36.017,36.018,36.019,36.02,36.021,36.022,36.023,36.024,36.025,36.026,36.027,36.028,36.029,36.03,36.031,36.032,36.033,36.034,36.035,36.036,36.037,36.038,36.039,36.04,36.041,36.042,36.043,36.044,36.045,36.046,36.047,36.048,36.049,36.05,36.051,36.052,36.053,36.054,36.055,36.056,36.057,36.058,36.059,36.06,36.061,36.062,36.063,36.064,36.065,36.066,36.067,36.068,36.069,36.07,36.071,36.072,36.073,36.074,36.075,36.076,36.077,36.078,36.079,36.08,36.081,36.082,36.083,36.084,36.085,36.086,36.087,36.088,36.089,36.09,36.091,36.092,36.093,36.094,36.095,36.096,36.097,36.098,36.099,36.1
37:00:06,0,37.001,37.002,37.003,37.004,37.005,37.006,37.007,37.008,37.009,37.01,37.011,37.012,37.013,37.014,37.015,37.016,37.017,37.018,37.019,37.02,37.021,37.022,37.023,37.024,37.025,37.026,37.027,37.028,37.029,37.03,37.031,37.032,37.033,37.034,37.035,37.036,37.037,37.038,37.039,37.04,37.041,37.042,37.043,37.044,37.045,37.046,37.047,37.048,37.049,37.05,37.051,37.052,37.053,37.054,37.055,37.056,37.057,37.058,37.059,37.06,37.061,37.062,37.063,37.064,37.065,37.066,37.067,37.068,37.069,37.07,37.071,37.072,37.073,37.074,37.075,37.076,37.077,37.078,37.079,37.08,37.081,37.082,37.083,37.084,37.085,37.086,37.087,37.088,37.089,37.09,37.091,37.092,37.093,37.094,37.095,37.096,37.097,37.098,37.099,37.1
38:00:06,0,38.001,38.002,38.003,38.004,38.005,38.006,38.007,38.008,38.009,38.01,38.011,38.012,38.013,38.014,38.015,38.016,38.017,38.018,38.019,38.02,38.021,38.022,38.023,38.024,38.025,38.026,38.027,38.028,38.029,38.03,38.031,38.032,38.033,38.034,38.035,38.036,38.037,38.038,38.039,38.04,38.041,38.042,38.043,38.044,38.045,38.046,38.047,38.048,38.049,38.05,38.051,38.052,38.053,38.054,38.055,38.056,38.057,38.058,38.059,38.06,38.061,38.062,38.063,38.064,38.065,38.066,38.067,38.068,38.069,38.07,38.071,38.072,38.073,38.074,38.075,38.076,38.077,38.078,38.079,38.08,38.081,38.082,38.083,38.084,38.085,38.086,38.087,38.088,38.089,38.09,38.091,38.092,38.093,38.094,38.095,38.096,38.097,38.098,38.099,38.1
39:00:06,0,39.001,39.002,39.003,39.004,39.005,39.006,39.007,39.008,39.009,39.01,39.011,39.012,39.013,39.014,39.015,39.016,39.017,39.018,39.019,39.02,39.021,39.022,39.023,39.024,39.025,39.026,39.027,39.028,39.029,39.03,39.031,39.032,39.033,39.034,39.035,39.036,39.037,39.038,39.039,39.04,39.041,39.042,39.043,39.044,39.045,39.046,39.047,39.048,39.049,39.05,39.051,39.052,39.053,39.054,39.055,39.056,39.057,39.058,39.059,39.06,39.061,39.062,39.063,39.064,39.065,39.066,39.067,39.068,39.069,39.07,39.071,39.072,39.073,39.074,39.075,39.076,39.077,39.078,39.079,39.08,39.081,39.082,39.083,39.084,39.085,39.086,39.087,39.088,39.089,39.09,39.091,39.092,39.093,39.094,39.095,39.096,39.097,39.098,39.099,39.1
40:00:06,0,40.001,40.002,40.003,40.004,40.005,40.006,40.007,40.008,40.009,40.01,40.011,40.012,40.013,40.014,40.015,40.016,40.017,40.018,40.019,40.02,40.021,40.022,40.023,40.024,40.025,40.026,40.027,40.028,40.029,40.03,40.031,40.032,40.033,40.034,40.035,40.036,40.037,40.038,40.039,40.04,40.041,40.042,40.043,40.044,40.045,40.046,40.047,40.048,40.049,40.05,40.051,40.052,40.053,40.054,40.055,40.056,40.057,40.058,40.059,40.06,40.061,40.062,40.063,40.064,40.065,40.066,40.067,40.068,40.069,40.07,40.071,40.072,40.073,40.074,40.075,40.076,40.077,40.078,40.079,40.08,40.081,40.082,40.083,40.084,40.085,40.086,40.087,40.088,40.089,40.09,40.091,40.092,40.093,40.094,40.095,40.096,40.097,40.098,40.099,40.1
41:00:06,0,41.001,41.002,41.003,41.004,41.005,41.006,41.007,41.008,41.009,41.01,41.011,41.012,41.013,41.014,41.015,41.016,41.017,41.018,41.019,41.02,41.021,41.022,41.023,41.024,41.025,41.026,41.027,41.028,41.029,41.03,41.031,41.032,41.033,41.034,41.035,41.036,41.037,41.038,41.039,41.04,41.041,41.042,41.043,41.044,41.045,41.046,41.047,41.048,41.049,41.05,41.051,41.052,41.053,41.054,41.055,41.056,41.057,41.058,41.059,41.06,41.061,41.062,41.063,41.064,41.065,41.066,41.067,41.068,41.069,41.07,41.071,41.072,41.073,41.074,41.075,41.076,41.077,41.078,41.079,41.08,41.081,41.082,41.083,41.084,41.085,41.086,41.087,41.088,41.089,41.09,41.091,41.092,41.093,41.094,41.095,41.096,41.097,41.098,41.099,41.1
42:00:06,0,42.001,42.002,42.003,42.004,42.005,42.006,42.007,42.008,42.009,42.01,42.011,42.012,42.013,42.014,42.015,42.016,42.017,42.018,42.019,42.02,42.021,42.022,42.023,42.024,42.025,42.026,42.027,42.028,42.029,42.03,42.031,42.032,42.033,42.034,42.035,42.036,42.037,42.038,42.039,42.04,42.041,42.042,42.043,42.044,42.045,42.046,42.047,42.048,42.049,42.05,42.051,42.052,42.053,42.054,42.055,42.056,42.057,42.058,42.059,42.06,42.061,42.062,42.063,42.064,42.065,42.066,42.067,42.068,42.069,42.07,42.071,42.072,42.073,42.074,42.075,42.076,42.077,42.078,42.079,42.08,42.081,42.082,42.083,42.084,42.085,42.086,42.087,42.088,42.089,42.09,42.091,42.092,42.093,42.094,42.095,42.096,42.097,42.098,42.099,42.1
43:00:06,0,43.001,43.002,43.003,43.004,43.005,43.006,43.007,43.008,43.009,43.01,43.011,43.012,43.013,43.014,43.015,43.016,43.017,43.018,43.019,43.02,43.021,43.022,43.023,43.024,43.025,43.026,43.027,43.028,43.029,43.03,43.031,43.032,43.033,43.034,43.035,43.036,43.037,43.038,43.039,43.04,43.041,43.042,43.043,43.044,43.045,43.046,43.047,43.048,43.049,43.05,43.051,43.052,43.053,43.054,43.055,43.056,43.057,43.058,43.059,43.06,43.061,43.062,43.063,43.064,43.065,43.066,43.067,43.068,43.069,43.07,43.071,43.072,43.073,43.074,43.075,43.076,43.077,43.078,43.079,43.08,43.081,43.082,43.083,43.084,43.085,43.086,43.087,43.088,43.089,43.09,43.091,43.092,43.093,43.094,43.095,43.096,43.097,43.098,43.099,43.1
44:00:06,0,44.001,44.002,44.003,44.004,44.005,44.006,44.007,44.008,44.009,44.01,44.011,44.012,44.013,44.014,44.015,44.016,44.017,44.018,44.019,44.02,44.021,44.022,44.023,44.024,44.025,44.026,44.027,44.028,44.029,44.03,44.031,44.032,44.033,44.034,44.035,44.036,44.037,44.038,44.039,44.04,44.041,44.042,44.043,44.044,44.045,44.046,44.047,44.048,44.049,44.05,44.051,44.052,44.053,44.054,44.055,44.056,44.057,44.058,44.059,44.06,44.061,44.062,44.063,44.064,44.065,44.066,44.067,44.068,44.069,44.07,44.071,44.072,44.073,44.074,44.075,44.076,44.077,44.078,44.079,44.08,44.081,44.082,44.083,44.084,44.085,44.086,44.087,44.088,44.089,44.09,44.091,44.092,44.093,44.094,44.095,44.096,44.097,44.098,44.099,44.1
45:00:06,0,45.001,45.002,45.003,45.004,45.005,45.006,45.007,45.008,45.009,45.01,45.011,45.012,45.013,45.014,45.015,45.016,45.017,45.018,45.019,45.02,45.021,45.022,45.023,45.024,45.025,45.026,45.027,45.028,45.029,45.03,45.031,45.032,45.033,45.034,45.035,45.036,45.037,45.038,45.039,45.04,45.041,45.042,45.043,45.044,45.045,45.046,45.047,45.048,45.049,45.05,45.051,45.052,45.053,45.054,45.055,45.056,45.057,45.058,45.059,45.06,45.061,45.062,45.063,45.064,45.065,45.066,45.067,45.068,45.069,45.07,45.071,45.072,45.073,45.074,45.075,45.076,45.077,45.078,45.079,45.08,45.081,45.082,45.083,45.084,45.085,45.086,45.087,45.088,45.089,45.09,45.091,45.092,45.093,45.094,45.095,45.096,45.097,45.098,45.099,45.1
46:00:06,0,46.001,46.002,46.003,46.004,46.005,46.006,46.007,46.008,46.009,46.01,46.011,46.012,46.013,46.014,46.015,46.016,46.017,46.018,46.019,46.02,46.021,46.022,46.023,46.024,46.025,46.026,46.027,46.028,46.029,46.03,46.031,46.032,46.033,46.034,46.035,46.036,46.037,46.038,46.039,46.04,46.041,46.042,46.043,46.044,46.045,46.046,46.047,46.048,46.049,46.05,46.051,46.052,46.053,46.054,46.055,46.056,46.057,46.058,46.059,46.06,46.061,46.062,46.063,46.064,46.065,46.066,46.067,46.068,46.069,46.07,46.071,46.072,46.073,46.074,46.075,46.076,46.077,46.078,46.079,46.08,46.081,46.082,46.083,46.084,46.085,46.086,46.087,46.088,46.089,46.09,46.091,46.092,46.093,46.094,46.095,46.096,46.097,46.098,46.099,46.1
47:00:06,0,47.001,47.002,47.003,47.004,47.005,47.006,47.007,47.008,47.009,47.01,47.011,47.012,47.013,47.014,47.015,47.016,47.017,47.018,47.019,47.02,47.021,47.022,47.023,47.024,47.025,47.026,47.027,47.028,47.029,47.03,47.031,47.032,47.033,47.034,47.035,47.036,47.037,47.038,47.039,47.04,47.041,47.042,47.043,47.044,47.045,47.046,47.047,47.048,47.049,47.05,47.051,47.052,47.053,47.054,47.055,47.056,47.057,47.058,47.059,47.06,47.061,47.062,47.063,47.064,47.065,47.066,47.067,47.068,47.069,47.07,47.071,47.072,47.073,47.074,47.075,47.076,47.077,47.078,47.079,47.08,47.081,47.082,47.083,47.084,47.085,47.086,47.087,47.088,47.089,47.09,47.091,47.092,47.093,47.094,47.095,47.096,47.097,47.098,47.099,47.1
48:00:06,0,48.001,48.002,48.003,48.004,48.005,48.006,48.007,48.008,48.009,48.01,48.011,48.012,48.013,48.014,48.015,48.016,48.017,48.018,48.019,48.02,48.021,48.022,48.023,48.024,48.025,48.026,48.027,48.028,48.029,48.03,48.031,48.032,48.033,48.034,48.035,48.036,48.037,48.038,48.039,48.04,48.041,48.042,48.043,48.044,48.045,48.046,48.047,48.048,48.049,48.05,48.051,48.052,48.053,48.054,48.055,48.056,48.057,48.058,48.059,48.06,48.061,48.062,48.063,48.064,48.065,48.066,48.067,48.068,48.069,48.07,48.071,48.072,48.073,48.074,48.075,48.076,48.077,48.078,48.079,48.08,48.081,48.082,48.083,48.084,48.085,48.086,48.087,48.088,48.089,48.09,48.091,48.092,48.093,48.094,48.095,48.096,48.097,48.098,48.099,48.1
49:00:06,0,49.001,49.002,49.003,49.004,49.005,49.006,49.007,49.008,49.009,49.01,49.011,49.012,49.013,49.014,49.015,49.016,49.017,49.018,49.019,49.02,49.021,49.022,49.023,49.024,49.025,49.026,49.027,49.028,49.029,49.03,49.031,49.032,49.033,49.034,49.035,49.036,49.037,49.038,49.039,49.04,49.041,49.042,49.043,49.044,49.045,49.046,49.047,49.048,49.049,49.05,49.051,49.052,49.053,49.054,49.055,49.056,49.057,49.058,49.059,49.06,49.061,49.062,49.063,49.064,49.065,49.066,49.067,49.068,49.069,49.07,49.071,49.072,49.073,49.074,49.075,49.076,49.077,49.078,49.079,49.08,49.081,49.082,49.083,49.084,49.085,49.086,49.087,49.088,49.089,49.09,49.091,49.092,49.093,49.094,49.095,49.096,49.097,49.098,49.099,49.1
50:00:06,0,50.001,50.002,50.003,50.004,50.005,50.006,50.007,50.008,50.009,50.01,50.011,50.012,50.013,50.014,50.015,50.016,50.017,50.018,50.019,50.02,50.021,50.022,50.023,50.024,50.025,50.026,50.027,50.028,50.029,50.03,50.031,50.032,50.033,50.034,50.035,50.036,50.037,50.038,50.039,50.04,50.041,50.042,50.043,50.044,50.045,50.046,50.047,50.048,50.049,50.05,50.051,50.052,50.053,50.054,50.055,50.056,50.057,50.058,50.059,50.06,50.061,50.062,50.063,50.064,50.065,50.066,50.067,50.068,50.069,50.07,50.071,50.072,50.073,50.074,50.075,50.076,50.077,50.078,50.079,50.08,50.081,50.082,50.083,50.084,50.085,50.086,50.087,50.088,50.089,50.09,50.091,50.092,50.093,50.094,50.095,50.096,50.097,50.098,50.099,50.1
51:00:06,0,51.001,51.002,51.003,51.004,51.005,51.006,51.007,51.008,51.009,51.01,51.011,51.012,51.013,51.014,51.015,51.016,51.017,51.018,51.019,51.02,51.021,51.022,51.023,51.024,51.025,51.026,51.027,51.028,51.029,51.03,51.031,51.032,51.033,51.034,51.035,51.036,51.037,51.038,51.039,51.04,51.041,51.042,51.043,51.044,51.045,51.046,51.047,51.048,51.049,51.05,51.051,51.052,51.053,51.054,51.055,51.056,51.057,51.058,51.059,51.06,51.061,51.062,51.063,51.064,51.065,51.066,51.067,51.068,51.069,51.07,51.071,51.072,51.073,51.074,51.075,51.076,51.077,51.078,51.079,51.08,51.081,51.082,51.083,51.084,51.085,51.086,51.087,51.088,51.089,51.09,51.091,51.092,51.093,51.094,51.095,51.096,51.097,51.098,51.099,51.1
52:00:06,0,52.001,52.002,52.003,52.004,52.005,52.006,52.007,52.008,52.009,52.01,52.011,52.012,52.013,52.014,52.015,52.016,52.017,52.018,52.019,52.02,52.021,52.022,52.023,52.024,52.025,52.026,52.027,52.028,52.029,52.03,52.031,52.032,52.033,52.034,52.035,52.036,52.037,52.038,52.039,52.04,52.041,52.042,52.043,52.044,52.045,52.046,52.047,52.048,52.049,52.05,52.051,52.052,52.053,52.054,52.055,52.056,52.057,52.058,52.059,52.06,52.061,52.062,52.063,52.064,52.065,52.066,52.067,52.068,52.069,52.07,52.071,52.072,52.073,52.074,52.075,52.076,52.077,52.078,52.079,52.08,52.081,52.082,52.083,52.084,52.085,52.086,52.087,52.088,52.089,52.09,52.091,52.092,52.093,52.094,52.095,52.096,52.097,52.098,52.099,52.1
53:00:06,0,53.001,53.002,53.003,53.004,53.005,53.006,53.007,53.008,53.009,53.01,53.011,53.012,53.013,53.014,53.015,53.016,53.017,53.018,53.019,53.02,53.021,53.022,53.023,53.024,53.025,53.026,53.027,53.028,53.029,53.03,53.031,53.032,53.033,53.034,53.035,53.036,53.037,53.038,53.039,53.04,53.041,53.042,53.043,53.044,53.045,53.046,53.047,53.048,53.049,53.05,53.051,53.052,53.053,53.054,53.055,53.056,53.057,53.058,53.059,53.06,53.061,53.062,53.063,53.064,53.065,53.066,53.067,53.068,53.069,53.07,53.071,53.072,53.073,53.074,53.075,53.076,53.077,53.078,53.079,53.08,53.081,53.082,53.083,53.084,53.085,53.086,53.087,53.088,53.089,53.09,53.091,53.092,53.093,53.094,53.095,53.096,53.097,53.098,53.099,53.1
54:00:06,0,54.001,54.002,54.003,54.004,54.005,54.006,54.007,54.008,54.009,54.01,54.011,54.012,54.013,54.014,54.015,54.016,54.017,54.018,54.019,54.02,54.021,54.022,54.023,54.024,54.025,54.026,54.027,54.028,54.029,54.03,54.031,54.032,54.033,54.034,54.035,54.036,54.037,54.038,54.039,54.04,54.041,54.042,54.043,54.044,54.045,54.046,54.047,54.048,54.049,54.05,54.051,54.052,54.053,54.054,54.055,54.056,54.057,54.058,54.059,54.06,54.061,54.062,54.063,54.064,54.065,54.066,54.067,54.068,54.069,54.07,54.071,54.072,54.073,54.074,54.075,54.076,54.077,54.078,54.079,54.08,54.081,54.082,54.083,54.084,54.085,54.086,54.087,54.088,54.089,54.09,54.091,54.092,54.093,54.094,54.095,54.096,54.097,54.098,54.099,54.1
55:00:06,0,55.001,55.002,55.003,55.004,55.005,55.006,55.007,55.008,55.009,55.01,55.011,55.012,55.013,55.014,55.015,55.016,55.017,55.018,55.019,55.02,55.021,55.022,55.023,55.024,55.025,55.026,55.027,55.028,55.029,55.03,55.031,55.032,55.033,55.034,55.035,55.036,55.037,55.038,55.039,55.04,55.041,55.042,55.043,55.044,55.045,55.046,55.047,55.048,55.049,55.05,55.051,55.052,55.053,55.054,55.055,55.056,55.057,55.058,55.059,55.06,55.061,55.062,55.063,55.064,55.065,55.066,55.067,55.068,55.069,55.07,55.071,55.072,55.073,55.074,55.075,55.076,55.077,55.078,55.079,55.08,55.081,55.082,55.083,55.084,55.085,55.086,55.087,55.088,55.089,55.09,55.091,55.092,55.093,55.094,55.095,55.096,55.097,55.098,55.099,55.1
56:00:06,0,56.001,56.002,56.003,56.004,56.005,56.006,56.007,56.008,56.009,56.01,56.011,56.012,56.013,56.014,56.015,56.016,56.017,56.018,56.019,56.02,56.021,56.022,56.023,56.024,56.025,56.026,56.027,56.028,56.029,56.03,56.031,56.032,56.033,56.034,56.035,56.036,56.037,56.038,56.039,56.04,56.041,56.042,56.043,56.044,56.045,56.046,56.047,56.048,56.049,56.05,56.051,56.052,56.053,56.054,56.055,56.056,56.057,56.058,56.059,56.06,56.061,56.062,56.063,56.064,56.065,56.066,56.067,56.068,56.069,56.07,56.071,56.072,56.073,56.074,56.075,56.076,56.077,56.078,56.079,56.08,56.081,56.082,56.083,56.084,56.085,56.086,56.087,56.088,56.089,56.09,56.091,56.092,56.093,56.094,56.095,56.096,56.097,56.098,56.099,56.1
57:00:06,0,57.001,57.002,57.003,57.004,57.005,57.006,57.007,57.008,57.009,57.01,57.011,57.012,57.013,57.014,57.015,57.016,57.017,57.018,57.019,57.02,57.021,57.022,57.023,57.024,57.025,57.026,57.027,57.028,57.029,57.03,57.031,57.032,57.033,57.034,57.035,57.036,57.037,57.038,57.039,57.04,57.041,57.042,57.043,57.044,57.045,57.046,57.047,57.048,57.049,57.05,57.051,57.052,57.053,57.054,57.055,57.056,57.057,57.058,57.059,57.06,57.061,57.062,57.063,57.064,57.065,57.066,57.067,57.068,57.069,57.07,57.071,57.072,57.073,57.074,57.075,57.076,57.077,57.078,57.079,57.08,57.081,57.082,57.083,57.084,57.085,57.086,57.087,57.088,57.089,57.09,57.091,57.092,57.093,57.094,57.095,57.096,57.097,57.098,57.099,57.1
58:00:06,0,58.001,58.002,58.003,58.004,58.005,58.006,58.007,58.008,58.009,58.01,58.011,58.012,58.013,58.014,58.015,58.016,58.017,58.018,58.019,58.02,58.021,58.022,58.023,58.024,58.025,58.026,58.027,58.028,58.029,58.03,58.031,58.032,58.033,58.034,58.035,58.036,58.037,58.038,58.039,58.04,58.041,58.042,58.043,58.044,58.045,58.046,58.047,58.048,58.049,58.05,58.051,58.052,58.053,58.054,58.055,58.056,58.057,58.058,58.059,58.06,58.061,58.062,58.063,58.064,58.065,58.066,58.067,58.068,58.069,58.07,58.071,58.072,58.073,58.074,58.075,58.076,58.077,58.078,58.079,58.08,58.081,58.082,58.083,58.084,58.085,58.086,58.087,58.088,58.089,58.09,58.091,58.092,58.093,58.094,58.095,58.096,58.097,58.098,58.099,58.1
59:00:06,0,59.001,59.002,59.003,59.004,59.005,59.006,59.007,59.008,59.009,59.01,59.011,59.012,59.013,59.014,59.015,59.016,59.017,59.018,59.019,59.02,59.021,59.022,59.023,59.024,59.025,59.026,59.027,59.028,59.029,59.03,59.031,59.032,59.033,59.034,59.035,59.036,59.037,59.038,59.039,59.04,59.041,59.042,59.043,59.044,59.045,59.046,59.047,59.048,59.049,59.05,59.051,59.052,59.053,59.054,59.055,59.056,59.057,59.058,59.059,59.06,59.061,59.062,59.063,59.064,59.065,59.066,59.067,59.068,59.069,59.07,59.071,59.072,59.073,59.074,59.075,59.076,59.077,59.078,59.079,59.08,59.081,59.082,59.083,59.084,59.085,59.086,59.087,59.088,59.089,59.09,59.091,59.092,59.093,59.094,59.095,59.096,59.097,59.098,59.099,59.1
60:00:06,0,60.001,60.002,60.003,60.004,60.005,60.006,60.007,60.008,60.009,60.01,60.011,60.012,60.013,60.014,60.015,60.016,60.017,60.018,60.019,60.02,60.021,60.022,60.023,60.024,60.025,60.026,60.027,60.028,60.029,60.03,60.031,60.032,60.033,60.034,60.035,60.036,60.037,60.038,60.039,60.04,60.041,60.042,60.043,60.044,60.045,60.046,60.047,60.048,60.049,60.05,60.051,60.052,60.053,60.054,60.055,60.056,60.057,60.058,60.059,60.06,60.061,60.062,60.063,60.064,60.065,60.066,60.067,60.068,60.069,60.07,60.071,60.072,60.073,60.074,60.075,60.076,60.077,60.078,60.079,60.08,60.081,60.082,60.083,60.084,60.085,60.086,60.087,60.088,60.089,60.09,60.091,60.092,60.093,60.094,60.095,60.096,60.097,60.098,60.099,60.1
61:00:06,0,61.001,61.002,61.003,61.004,61.005,61.006,61.007,61.008,61.009,61.01,61.011,61.012,61.013,61.014,61.015,61.016,61.017,61.018,61.019,61.02,61.021,61.022,61.023,61.024,61.025,61.026,61.027,61.028,61.029,61.03,61.031,61.032,61.033,61.034,61.035,61.036,61.037,61.038,61.039,61.04,61.041,61.042,61.043,61.044,61.045,61.046,61.047,61.048,61.049,61.05,61.051,61.052,61.053,61.054,61.055,61.056,61.057,61.058,61.059,61.06,61.061,61.062,61.063,61.064,61.065,61.066,61.067,61.068,61.069,61.07,61.071,61.072,61.073,61.074,61.075,61.076,61.077,61.078,61.079,61.08,61.081,61.082,61.083,61.084,61.085,61.086,61.087,61.088,61.089,61.09,61.091,61.092,61.093,61.094,61.095,61.096,61.097,61.098,61.099,61.1
62:00:06,0,62.001,62.002,62.003,62.004,62.005,62.006,62.007,62.008,62.009,62.01,62.011,62.012,62.013,62.014,62.015,62.016,62.017,62.018,62.019,62.02,62.021,62.022,62.023,62.024,62.025,62.026,62.027,62.028,62.029,62.03,62.031,62.032,62.033,62.034,62.035,62.036,62.037,62.038,62.039,62.04,62.041,62.042,62.043,62.044,62.045,62.046,62.047,62.048,62.049,62.05,62.051,62.052,62.053,62.054,62.055,62.056,62.057,62.058,62.059,62.06,62.061,62.062,62.063,62.064,62.065,62.066,62.067,62.068,62.069,62.07,62.071,62.072,62.073,62.074,62.075,62.076,62.077,62.078,62.079,62.08,62.081,62.082,62.083,62.084,62.085,62.086,62.087,62.088,62.089,62.09,62.091,62.092,62.093,62.094,62.095,62.096,62.097,62.098,62.099,62.1
63:00:06,0,63.001,63.002,63.003,63.004,63.005,63.006,63.007,63.008,63.009,63.01,63.011,63.012,63.013,63.014,63.015,63.016,63.017,63.018,63.019,63.02,63.021,63.022,63.023,63.024,63.025,63.026,63.027,63.028,63.029,63.03,63.031,63.032,63.033,63.034,63.035,63.036,63.037,63.038,63.039,63.04,63.041,63.042,63.043,63.044,63.045,63.046,63.047,63.048,63.049,63.05,63.051,63.052,63.053,63.054,63.055,63.056,63.057,63.058,63.059,63.06,63.061,63.062,63.063,63.064,63.065,63.066,63.067,63.068,63.069,63.07,63.071,63.072,63.073,63.074,63.075,63.076,63.077,63.078,63.079,63.08,63.081,63.082,63.083,63.084,63.085,63.086,63.087,63.088,63.089,63.09,63.091,63.092,63.093,63.094,63.095,63.096,63.097,63.098,63.099,63.1
64:00:06,0,64.001,64.002,64.003,64.004,64.005,64.006,64.007,64.008,64.009,64.01,64.011,64.012,64.013,64.014,64.015,64.016,64.017,64.018,64.019,64.02,64.021,64.022,64.023,64.024,64.025,64.026,64.027,64.028,64.029,64.03,64.031,64.032,64.033,64.034,64.035,64.036,64.037,64.038,64.039,64.04,64.041,64.042,64.043,64.044,64.045,64.046,64.047,64.048,64.049,64.05,64.051,64.052,64.053,64.054,64.055,64.056,64.057,64.058,64.059,64.06,64.061,64.062,64.063,64.064,64.065,64.066,64.067,64.068,64.069,64.07,64.071,64.072,64.073,64.074,64.075,64.076,64.077,64.078,64.079,64.08,64.081,64.082,64.083,64.084,64.085,64.086,64.087,64.088,64.089,64.09,64.091,64.092,64.093,64.094,64.095,64.096,64.097,64.098,64.099,64.1
65:00:06,0,65.001,65.002,65.003,65.004,65.005,65.006,65.007,65.008,65.009,65.01,65.011,65.012,65.013,65.014,65.015,65.016,65.017,65.018,65.019,65.02,65.021,65.022,65.023,65.024,65.025,65.026,65.027,65.028,65.029,65.03,65.031,65.032,65.033,65.034,65.035,65.036,65.037,65.038,65.039,65.04,65.041,65.042,65.043,65.044,65.045,65.046,65.047,65.048,65.049,65.05,65.051,65.052,65.053,65.054,65.055,65.056,65.057,65.058,65.059,65.06,65.061,65.062,65.063,65.064,65.065,65.066,65.067,65.068,65.069,65.07,65.071,65.072,65.073,65.074,65.075,65.076,65.077,65.078,65.079,65.08,65.081,65.082,65.083,65.084,65.085,65.086,65.087,65.088,65.089,65.09,65.091,65.092,65.093,65.094,65.095,65.096,65.097,65.098,65.099,65.1
66:00:06,0,66.001,66.002,66.003,66.004,66.005,66.006,66.007,66.008,66.009,66.01,66.011,66.012,66.013,66.014,66.015,66.016,66.017,66.018,66.019,66.02,66.021,66.022,66.023,66.024,66.025,66.026,66.027,66.028,66.029,66.03,66.031,66.032,66.033,66.034,66.035,66.036,66.037,66.038,66.039,66.04,66.041,66.042,66.043,66.044,66.045,66.046,66.047,66.048,66.049,66.05,66.051,66.052,66.053,66.054,66.055,66.056,66.057,66.058,66.059,66.06,66.061,66.062,66.063,66.064,66.065,66.066,66.067,66.068,66.069,66.07,66.071,66.072,66.073,66.074,66.075,66.076,66.077,66.078,66.079,66.08,66.081,66.082,66.083,66.084,66.085,66.086,66.087,66.088,66.089,66.09,66.091,66.092,66.093,66.094,66.095,66.096,66.097,66.098,66.099,66.1
67:00:06,0,67.001,67.002,67.003,67.004,67.005,67.006,67.007,67.008,67.009,67.01,67.011,67.012,67.013,67.014,67.015,67.016,67.017,67.018,67.019,67.02,67.021,67.022,67.023,67.024,67.025,67.026,67.027,67.028,67.029,67.03,67.031,67.032,67.033,67.034,67.035,67.036,67.037,67.038,67.039,67.04,67.041,67.042,67.043,67.044,67.045,67.046,67.047,67.048,67.049,67.05,67.051,67.052,67.053,67.054,67.055,67.056,67.057,67.058,67.059,67.06,67.061,67.062,67.063,67.064,67.065,67.066,67.067,67.068,67.069,67.07,67.071,67.072,67.073,67.074,67.075,67.076,67.077,67.078,67.079,67.08,67.081,67.082,67.083,67.084,67.085,67.086,67.087,67.088,67.089,67.09,67.091,67.092,67.093,67.094,67.095,67.096,67.097,67.098,67.099,67.1
68:00:06,0,68.001,68.002,68.003,68.004,68.005,68.006,68.007,68.008,68.009,68.01,68.011,68.012,68.013,68.014,68.015,68.016,68.017,68.018,68.019,68.02,68.021,68.022,68.023,68.024,68.025,68.026,68.027,68.028,68.029,68.03,68.031,68.032,68.033,68.034,68.035,68.036,68.037,68.038,68.039,68.04,68.041,68.042,68.043,68.044,68.045,68.046,68.047,68.048,68.049,68.05,68.051,68.052,68.053,68.054,68.055,68.056,68.057,68.058,68.059,68.06,68.061,68.062,68.063,68.064,68.065,68.066,68.067,68.068,68.069,68.07,68.071,68.072,68.073,68.074,68.075,68.076,68.077,68.078,68.079,68.08,68.081,68.082,68.083,68.084,68.085,68.086,68.087,68.088,68.089,68.09,68.091,68.092,68.093,68.094,68.095,68.096,68.097,68.098,68.099,68.1
69:00:06,0,69.001,69.002,69.003,69.004,69.005,69.006,69.007,69.008,69.009,69.01,69.011,69.012,69.013,69.014,69.015,69.016,69.017,69.018,69.019,69.02,69.021,69.022,69.023,69.024,69.025,69.026,69.027,69.028,69.029,69.03,69.031,69.032,69.033,69.034,69.035,69.036,69.037,69.038,69.039,69.04,69.041,69.042,69.043,69.044,69.045,69.046,69.047,69.048,69.049,69.05,69.051,69.052,69.053,69.054,69.055,69.056,69.057,69.058,69.059,69.06,69.061,69.062,69.063,69.064,69.065,69.066,69.067,69.068,69.069,69.07,69.071,69.072,69.073,69.074,69.075,69.076,69.077,69.078,69.079,69.08,69.081,69.082,69.083,69.084,69.085,69.086,69.087,69.088,69.089,69.09,69.091,69.092,69.093,69.094,69.095,69.096,69.097,69.098,69.099,69.1
70:00:06,0,70.001,70.002,70.003,70.004,70.005,70.006,70.007,70.008,70.009,70.01,70.011,70.012,70.013,70.014,70.015,70.016,70.017,70.018,70.019,70.02,70.021,70.022,70.023,70.024,70.025,70.026,70.027,70.028,70.029,70.03,70.031,70.032,70.033,70.034,70.035,70.036,70.037,70.038,70.039,70.04,70.041,70.042,70.043,70.044,70.045,70.046,70.047,70.048,70.049,70.05,70.051,70.052,70.053,70.054,70.055,70.056,70.057,70.058,70.059,70.06,70.061,70.062,70.063,70.064,70.065,70.066,70.067,70.068,70.069,70.07,70.071,70.072,70.073,70.074,70.075,70.076,70.077,70.078,70.079,70.08,70.081,70.082,70.083,70.084,70.085,70.086,70.087,70.088,70.089,70.09,70.091,70.092,70.093,70.094,70.095,70.096,70.097,70.098,70.099,70.1
71:00:06,0,71.001,71.002,71.003,71.004,71.005,71.006,71.007,71.008,71.009,71.01,71.011,71.012,71.013,71.014,71.015,71.016,71.017,71.018,71.019,71.02,71.021,71.022,71.023,71.024,71.025,71.026,71.027,71.028,71.029,71.03,71.031,71.032,71.033,71.034,71.035,71.036,71.037,71.038,71.039,71.04,71.041,71.042,71.043,71.044,71.045,71.046,71.047,71.048,71.049,71.05,71.051,71.052,71.053,71.054,71.055,71.056,71.057,71.058,71.059,71.06,71.061,71.062,71.063,71.064,71.065,71.066,71.067,71.068,71.069,71.07,71.071,71.072,71.073,71.074,71.075,71.076,71.077,71.078,71.079,71.08,71.081,71.082,71.083,71.084,71.085,71.086,71.087,71.088,71.089,71.09,71.091,71.092,71.093,71.094,71.095,71.096,71.097,71.098,71.099,71.1
72:00:06,0,72.001,72.002,72.003,72.004,72.005,72.006,72.007,72.008,72.009,72.01,72.011,72.012,72.013,72.014,72.015,72.016,72.017,72.018,72.019,72.02,72.021,72.022,72.023,72.024,72.025,72.026,72.027,72.028,72.029,72.03,72.031,72.032,72.033,72.034,72.035,72.036,72.037,72.038,72.039,72.04,72.041,72.042,72.043,72.044,72.045,72.046,72.047,72.048,72.049,72.05,72.051,72.052,72.053,72.054,72.055,72.056,72.057,72.058,72.059,72.06,72.061,72.062,72.063,72.064,72.065,72.066,72.067,72.068,72.069,72.07,72.071,72.072,72.073,72.074,72.075,72.076,72.077,72.078,72.079,72.08,72.081,72.082,72.083,72.084,72.085,72.086,72.087,72.088,72.089,72.09,72.091,72.092,72.093,72.094,72.095,72.096,72.097,72.098,72.099,72.1
